name,Surname
Lareina,Hampton
Asher,Eaton
Yuli,Franks
Cecilia,Barrera
Dieter,Mathis
Yoko,Caldwell
Paul,Norman
Ulla,Macdonald
Herrod,Martinez
Hayes,Mcdaniel
Karly,Grant
Ava,Gentry
Nissim,Blackwell
Hyatt,Kennedy
Xandra,Hart
Victor,Ferrell
Cyrus,Frye
Kasper,Harrington
Amir,Barnes
Rafael,Butler
Cleo,Turner
Carolyn,Sears
Katelyn,Nelson
Janna,Holt
Perry,Buckley
Jameson,Cervantes
Hasad,Chavez
Cassandra,Harvey
Ramona,Lewis
Elijah,Guthrie
Zane,Byrd
Belle,Roth
Sawyer,Allen
Finn,Hodges
Blossom,Hughes
Flavia,Wooten
Eric,Gentry
Nevada,Cooley
Jacqueline,Barlow
Quentin,Bartlett
Armand,Lane
Levi,Francis
Prescott,Kidd
Dahlia,Hood
Jillian,Christian
Stone,Stanley
Lavinia,Myers
Xantha,Byrd
Eleanor,Hobbs
Ross,Hayden
Ruby,Frank
Orla,Copeland
Plato,Hammond
Lee,Lawrence
Jordan,Dickson
Aristotle,Patterson
Cherokee,Pennington
Petra,Tate
Walter,Blackwell
Jaime,Parsons
Latifah,Dillard
Ferdinand,Nieves
Walker,Figueroa
Bernard,Pena
Berk,Emerson
Aphrodite,Santiago
Willow,Malone
Hoyt,Kerr
John,Skinner
Troy,Knowles
Ori,Kinney
Deirdre,Reese
August,Walter
Colby,Yang
Jena,Zimmerman
Anne,Sparks
Garrett,Warren
Claudia,Howell
Hedda,Roman
Keegan,Lambert
Gay,Dunn
Rajah,Ryan
Ray,Morse
Ryan,Bradford
Brian,Shaw
Leonard,Salinas
Demetrius,Newton
Octavia,Ingram
Hedy,Best
Reese,Lloyd
Xanthus,Booker
Ferris,O'donnell
Graham,Hoover
Solomon,Sloan
Keith,Bender
Stone,Chase
Scott,Lee
Leah,Carson
Hyatt,Mcpherson
Heidi,Howell
Carly,Browning
Mohammad,Sims
Kaitlin,Hill
Zane,Pierce
Jacob,Poole
Kuame,Raymond
Channing,Shepard
Sebastian,Jackson
Jerry,Lawrence
Ruth,Foster
Alexa,Gentry
Steven,Kinney
Azalia,Mcclure
Zorita,Pierce
Delilah,Dotson
Vaughan,Ashley
Larissa,Caldwell
Vance,Barron
Gail,Zimmerman
Garth,Wood
Martha,Blevins
Josiah,Chambers
Cairo,Neal
Tate,Schultz
Avye,Hill
Stone,Mcdonald
Rana,Dyer
Xander,Ruiz
Mechelle,Dean
Boris,Grant
Hilda,Anderson
Indira,Aguilar
Drake,Williams
Noble,Conrad
Camille,Thornton
Reuben,Avila
Elton,Hewitt
Tyler,Griffith
Callie,Hensley
Frances,Pickett
Mufutau,Rodgers
Dillon,Small
Chase,Rivera
Amos,Nicholson
Irene,Skinner
Felicia,Horn
Moses,Wilder
Eve,Terrell
Hillary,Burke
Clayton,Tran
Chelsea,Sheppard
Jameson,Osborn
Isabelle,Fitzgerald
Anastasia,Hardy
Lenore,Garrett
Dana,Hess
Frances,Mccall
Keith,Daniels
Sopoline,Rollins
Palmer,Powell
Ignacia,Gallegos
Wilma,Jordan
Jamalia,Frost
Charlotte,Crosby
Shea,Mitchell
Maia,Vance
Karyn,Sosa
Todd,Larson
Kylee,Santana
Elton,Bolton
Karleigh,Cardenas
Yoshi,Grant
Simon,Reese
Samantha,Kelley
Oren,Delgado
Christopher,Santana
Madeline,Osborne
Rylee,Heath
Dawn,Burnett
Hamish,Mckenzie
Christopher,Spencer
Aimee,Singleton
Austin,Pugh
Farrah,Bell
Kareem,English
Sigourney,Curry
Hall,Dillon
Bert,Brewer
Tanner,Benton
Violet,Gilbert
Kevyn,Alvarez
Quintessa,Cobb
Graiden,Moran
Zeph,Willis
Eleanor,Ballard
Norman,Hartman
Brian,Pearson
Evelyn,Rosario
Marcia,Carney
Yen,Goodman
